gene,mean,std
ABCC11,-0.013419213759380537,0.9582208027883644
ACTG2,-0.005291833450168997,1.0697967932614174
ADGRE5,0.006265422064689485,1.0543710531391324
ADH1B,-0.014116094653832267,1.1670968130230566
ADIPOQ,-0.011941958199051831,1.1206625500284677
AIF1,-0.011180660507797126,1.055923376847616
AKR1C1,-0.005260954291250932,1.0335081264066608
AKR1C3,-0.0021907911199755227,1.0059266137158247
ALDH1A3,0.001323366961742052,1.0549811270170166
ANGPT2,-0.0006238672923343922,1.1186095581958113
ANKRD28,-0.006426932492359185,0.9946516304374375
ANKRD29,0.011694516700814485,1.2124225207555162
APOBEC3A,0.0033768169425820835,1.0513671889192682
APOBEC3B,0.009261245126797006,1.0642469249412254
APOC1,-0.00855537651147874,1.0519363880796762
AQP3,-0.006318657424979924,1.0161687348928548
AVPR1A,-0.002522324344989954,1.0492917080535886
BACE2,-0.007607431354296376,1.03395663269761
BANK1,0.05452913790191735,1.3217333784766159
C15orf48,-0.026342066319016602,1.1225590078324357
C1QA,-0.009630771308985162,1.02513158369245
C1QC,-0.012117303146989234,1.028271146193631
C2orf42,0.00428866359862439,1.0382945393299685
C5orf46,-0.00301450329527752,0.9739660235501173
C6orf132,-0.013103265656996394,0.9487552714229571
CAV1,-0.013469959014726408,1.194725426985149
CAVIN2,-0.005246038483885572,1.034519451133884
CCL5,0.003173739191826088,1.133053145626965
CCL8,-0.007051708111094932,1.108734075360216
CCPG1,-0.012422102086439523,0.9957514030902579
CCR7,0.017248811189648366,1.1272920688793058
CD14,-0.01858442388236656,1.0594124180963715
CD163,-0.013338266469703588,1.1060039483755735
CD19,0.03370246095624659,1.2160662958291233
CD247,0.015243824064263658,1.115877970167044
CD27,0.011976619984017627,1.0841461020039251
CD274,0.004501679457753187,1.0634238540027945
CD3E,0.032877715159284594,1.2525408745431477
CD3G,0.0162039901168626,1.11886512605444
CD4,-0.001936028872009035,1.0891770107455352
CD68,-0.013812310006333655,1.0910509488492415
CD69,0.013724053479546349,1.1040913549115294
CD79A,0.03467662205722387,1.2000235824583105
CD79B,0.026830056400895887,1.1661166082368954
CD80,0.005461983738945759,1.095324563907572
CD83,0.015371436933811997,1.1972143786604186
CD86,0.0010541630827040043,1.0357102432302587
CD8A,0.004302390977457592,1.177874462190041
CD93,-0.011497918787712183,1.113126903895205
CDC42EP1,-0.0037868800923742856,0.9809983502254476
CEACAM6,-0.03783113954979868,1.1393582671752842
CEACAM8,0.00200748059806649,1.0458220707495358
CENPF,-0.010857304444174933,1.0021541266924079
CLEC14A,-0.0067112278771487306,1.105680654331044
CLEC9A,-9.2755924039301e-05,1.0461342691519144
CLECL1,0.013298062835211871,1.0983596720007862
CRISPLD2,-0.005214842501363749,1.0124519095767979
CTH,0.001549856230005872,1.035305848684055
CTLA4,0.005839360232701041,1.1777273307787317
CTSG,-1.3281060218200005e-05,1.1941962219092932
CX3CR1,-0.01667341521461645,1.0815818432518394
CXCL16,-0.006651159821509615,1.0031334532117975
CXCL5,0.0008343771255599276,1.0967135293864625
CXCR4,0.024090191080440068,1.1239976488695265
CYTIP,0.019522262859252806,1.0886563035498833
DAPK3,-0.005140348862627142,0.9993918290329472
DMKN,-0.006391759772848311,0.983880115651218
DNAAF1,-0.005537302515995824,0.9793635829806094
DNTTIP1,-0.009160581596780877,0.993607555716154
DPT,-0.00583620303659503,1.1101782850999022
DSC2,-0.014414718968531179,0.9773030961375108
DUSP2,0.005265065922220047,1.0776868579908614
DUSP5,0.00042121503070338635,1.0465002309453493
EGFL7,-0.005588233356697765,1.0596093829185078
EGFR,-0.0013226772715438449,1.046140493097793
EIF4EBP1,-0.010502571581294433,0.9730670212954043
ERN1,-0.001956571053488354,1.0695096740607286
ESM1,-0.0028841812527504187,1.0625301614309541
FAM49A,0.005798901910310105,1.0594933956058583
FASN,-0.018411860904731094,0.9579010716027414
FBLN1,-0.01817840996528621,1.1986190127407665
FCER1A,-0.004963706974765115,1.07377847275305
FCER1G,-0.02558922972891971,1.1245321438474674
FCGR3A,-0.005607716143102783,1.0277332971789872
FGL2,-0.007811801929607546,1.0944487377234424
FOXC2,0.0008294919968897816,1.0679841925977773
FOXP3,0.002307817782036149,1.1328072447379505
FSTL3,-0.00028276492561328786,1.041407459688444
GJB2,0.0015642855156373784,1.036159694822747
GLIPR1,0.014616088941660327,1.0742923543957572
GNLY,-0.0007397631318208056,1.148097165130546
GPR183,0.013181729733312837,1.0870846859509937
GZMA,0.0010520871995558414,1.107437660597928
GZMK,0.005452679353304553,1.075895280744652
HAVCR2,-0.0072047895430337894,1.015518230150862
HOOK2,-0.014135253069691728,0.9719787132505638
HOXD8,-0.0037580408446180207,1.0409711823053258
HOXD9,-0.0012246032383986445,1.0551350453854447
HPX,-0.005849821006646298,1.0027770200879909
IGF1,-0.006121544545836773,1.0302952550403763
IGSF6,-0.005580387449182547,1.0614590592871966
IL2RA,0.005819130328034635,1.0790265694810801
IL2RG,0.019716443580264885,1.0879331711310276
IL3RA,-0.003342877432822875,1.0344944788871726
IL7R,0.02782596377809043,1.250182263692543
ITGAM,-0.002208392322037883,1.0249838392137307
ITGAX,-0.00865570386651895,1.2049807628361346
ITM2C,0.0005931936687203798,1.0791226017952575
JUP,-0.022013923964245872,0.9892591946344221
KARS,0.0024974183694755716,1.0223765671963603
KDR,-0.007900728495959934,1.0707681963287248
KIT,-0.0016779843416021118,1.0676473029611204
KLF5,-0.0045698091664375835,1.0172210304705782
KLRB1,0.008998532237557725,1.1885814535638515
KLRC1,-0.0009714975442277476,1.0354026728845094
KLRD1,-0.0008117505080450843,1.0832128912650798
KLRF1,0.0013133978235687293,1.1086008108571697
KRT14,0.0005179322294345006,1.0351723958275934
KRT23,-0.028460733734051336,1.0677460996603725
KRT5,-7.189388993461509e-05,1.0254861764268717
KRT6B,0.0020532743424537914,1.0495267533716028
KRT7,-0.027356778108151836,1.0514703288114515
LAG3,0.001816067883741109,1.0358230469143854
LARS,-0.009060369680568349,1.011333608961982
LGALSL,-0.002244377160109321,1.0161945143364297
LILRA4,0.006985718775206583,1.1213038097352201
LPL,-0.018951034498806037,1.1227548979041135
LPXN,0.013419182979376549,1.065413011131464
LRRC15,0.001112072615773759,1.0468506175646861
LTB,0.03135321234967685,1.1420658053288173
LY86,0.013105075497056874,1.0880336181998351
LYPD3,-0.011804527825320604,1.0102524254159748
MAP3K8,0.008464049804195838,1.0689133074348147
MKI67,-0.00910642939180238,1.0581165243719057
MMP1,-0.00028754063909776286,1.0041327318125501
MMP12,-0.0006664607974552148,1.0365828771851624
MMP2,-0.011398776136138478,1.025074427030278
MMRN2,-0.001336101730218791,1.1211421963041381
MNDA,-0.003407060809198087,1.0391963100789647
MRC1,-0.013153298353924436,1.1531754118435427
MUC6,0.00601150950838737,1.0785855697477815
MYBPC1,0.005111041556806117,1.0724531445342385
MYLK,-0.022796898406210745,1.627039448342309
MYO5B,-0.00548489378104434,1.0039788478517127
MZB1,0.0007949440560703259,1.187613580829901
NCAM1,-0.0011857753448578873,1.027934613168249
NDUFA4L2,0.0034344337769207146,1.0588205301474545
NKG7,-8.11318941255988e-05,1.0919246366654807
NOSTRIN,-0.02715239688829057,1.032036667204128
OCIAD2,-0.0007580484028148367,1.0236791898978772
OPRPN,0.0017041281282335278,1.0565052499974696
OXTR,-0.0034217477318763223,0.9990137281657397
PCLAF,-0.00879333409904753,1.0320761906492302
PDCD1,0.002100994149414877,1.0730926117837067
PDCD1LG2,0.0019097600091150639,1.0478679456634545
PDE4A,-0.013078494939102613,0.9905524417333863
PDGFRA,-0.00409152488824744,1.05828246455665
PDK4,-0.0074748104612784826,1.0722775098131772
PELI1,0.006117162415331211,1.0535051966888331
PGR,-0.018570228919392823,1.0025614015766058
PIGR,0.004315148552464189,1.066710063058507
PIM1,0.004028920259911493,1.048247638810695
PLD4,0.004655509696955002,1.0593896726783194
PPARG,-0.006150842478357765,1.0300197871214263
PRDM1,2.8302147339600106e-05,1.049847399506062
PRF1,0.001544463819407386,1.062073470182645
PTN,-0.0016947751282524084,1.0395078488967266
PTRHD1,-0.007644349039980163,1.0005998416833088
RAMP2,-0.009657299269533258,1.0508218834857632
RAPGEF3,-0.012513269711169327,1.0026251989947588
RHOH,0.0033387004187486803,1.0442823653146545
RORC,-0.011600662632330193,0.9680070743261052
RTKN2,0.005722849252575235,1.0699761506734435
S100A4,-0.0005316672024127341,1.05779476912191
S100A8,0.0008418399405822636,1.1677365755100457
SCD,-0.025814068260806285,1.0836036398718636
SCGB2A1,-0.00043375891980519747,1.031393465236559
SEC11C,-0.008627431605621055,1.0634419985369268
SEC24A,-0.012002335673038052,0.9965997211448961
SELL,0.03472250407040863,1.14642638014933
SERHL2,-0.005666508578701685,0.9949901080904471
SERPINB9,0.009451880600618811,1.0828917747979987
SFRP1,-0.014396107345364567,1.1454983858926118
SH3YL1,-0.021399897080510134,1.0614366788327847
SLAMF1,0.01608792922217371,1.0971664369357579
SLAMF7,-0.002206244664666852,1.1704026610491107
SLC25A37,-0.0007529374358414607,1.022977824129152
SLC5A6,-0.002187646851846464,1.010604490210344
SMAP2,0.013859796996070437,1.053423680469221
SNAI1,0.0014206553999660473,1.0584281512508338
SOX17,-0.001823278261916696,1.0886674179191482
SOX18,-0.0002461490272940015,1.038930912892288
SPIB,0.02633252004042757,1.1634688246624751
SQLE,-0.007749176678951258,0.9950269608055347
SRPK1,-0.008438341491588376,1.0010787877717562
SSTR2,0.0022049300068915515,1.0589069258154458
STC1,-0.0428048939214735,1.1905339972401738
SVIL,-0.012520352273726934,1.052603445125177
TAC1,0.0014496097359029071,1.0450500335924922
TCEAL7,0.00066669420173353,1.028675673171701
TCF4,0.005461603687209259,1.0675240819988379
TCF7,0.028689017652371494,1.1590909348460345
TCIM,-0.00426842218543314,1.0855356718713842
TCL1A,0.02928488770104625,1.2704826180878062
TENT5C,-0.005384906975155924,1.1106850463878433
THAP2,0.006261453463186676,1.0560213603153585
TIFA,0.00913698390937219,1.0659904298545757
TIGIT,0.011072462292512264,1.1032390672803056
TIMP4,-0.016483680200520705,0.9854986027650544
TMEM147,-0.020773780538845495,1.0092545260953012
TNFRSF17,0.007512393743233777,1.0877825185433492
TOP2A,-0.011126539371270547,1.077467833087105
TPSAB1,-0.0003472205808066155,1.2141491290509085
TRAC,0.025882955147748177,1.224104542906512
TRAF4,-0.005693464871251692,1.0219547405041618
TRIB1,-0.03503881321304785,1.122327328206354
TUBA4A,0.008504500049645047,1.0614725252976491
TUBB2B,0.00380640589218239,1.0499821886360696
UCP1,0.002423227390104414,1.064849953535235
USP53,-0.020513415450039617,1.0263173361307565
VOPP1,0.002255788039559717,1.025996930934992
WARS,-0.010036462241735256,1.000719693230239
ZEB1,0.002953941573413765,1.0586282386368404
ZNF562,-0.0078257500684843,1.003502250140806
